<documents>
    <document>
        <file><![CDATA[Posteingang/075f1536-4c4e-42bd-83fb-e0d1aefd828a_Paul Tholey - Klarträumen, Wie geht das.pdf]]></file>
        <title><![CDATA[Paul Tholey - Klarträumen, Wie geht das.pdf]]></title>
        <uuid>075f1536-4c4e-42bd-83fb-e0d1aefd828a</uuid>
        <created>2014-07-03 21:50:14</created>
        <category><![CDATA[Haushalt & Wohnen]]></category>
        <type><![CDATA[Sonstige]]></type>
    </document>
    <document>
        <file><![CDATA[Archiv/Mobilität/2289a223-8a2d-4e68-aec1-baa86e22a88d_Bevollmächtigung für Karin.doc]]></file>
        <title><![CDATA[Bevollmächtigung für Karin.doc]]></title>
        <uuid>2289a223-8a2d-4e68-aec1-baa86e22a88d</uuid>
        <created>2014-03-16 11:07:26</created>
        <category><![CDATA[Mobilität]]></category>
        <type><![CDATA[Sonstige]]></type>
    </document>
    <document>
        <file><![CDATA[Posteingang/e31cc123-9d7d-4b2b-a81d-3569ccaf026a_the silver chair.jpg]]></file>
        <title><![CDATA[the silver chair.jpg]]></title>
        <uuid>e31cc123-9d7d-4b2b-a81d-3569ccaf026a</uuid>
        <created>2014-07-03 21:50:17</created>
        <category><![CDATA[Mobilität]]></category>
        <type><![CDATA[Angebot]]></type>
        <tags><![CDATA[etikett, test]]></tags>
        <notes><![CDATA[sample note
next line €("§/%&§(&'*!123]]></notes>
    </document>
</documents>